nucleus,Variable,Min,Max,Mean,StdDev,Median,Percentile 25%,Percentile 75%,Sum,Count,Unit,Category,Channel,Collection,Image,Surfaces,Time,Unnamed: 17
P1,Intensity Max,284,284,284,0,284,284,284,284,1,,Surface,1,,Image 1,,1,
P1,Intensity Max,294,294,294,0,294,294,294,294,1,,Surface,1,,Image 1,,2,
P1,Intensity Max,287,287,287,0,287,287,287,287,1,,Surface,1,,Image 1,,3,
ABa,Intensity Max,272,272,272,0,272,272,272,272,1,,Surface,1,,Image 1,,5,
ABa,Intensity Max,373,373,373,0,373,373,373,373,1,,Surface,1,,Image 1,,6,
ABa,Intensity Max,370,370,370,0,370,370,370,370,1,,Surface,1,,Image 1,,7,
ABa,Intensity Max,612,612,612,0,612,612,612,612,1,,Surface,1,,Image 1,,8,
ABa,Intensity Max,1550,1550,1550,0,1550,1550,1550,1550,1,,Surface,1,,Image 1,,9,
ABa,Intensity Max,883,883,883,0,883,883,883,883,1,,Surface,1,,Image 1,,10,
ABa,Intensity Max,355,355,355,0,355,355,355,355,1,,Surface,1,,Image 1,,11,
ABa,Intensity Max,319,319,319,0,319,319,319,319,1,,Surface,1,,Image 1,,12,
ABa,Intensity Max,305,305,305,0,305,305,305,305,1,,Surface,1,,Image 1,,13,
ABa,Intensity Max,311,311,311,0,311,311,311,311,1,,Surface,1,,Image 1,,14,
ABp,Intensity Max,264,264,264,0,264,264,264,264,1,,Surface,1,,Image 1,,5,
ABp,Intensity Max,273,273,273,0,273,273,273,273,1,,Surface,1,,Image 1,,6,
ABp,Intensity Max,297,297,297,0,297,297,297,297,1,,Surface,1,,Image 1,,7,
ABp,Intensity Max,268,268,268,0,268,268,268,268,1,,Surface,1,,Image 1,,8,
ABp,Intensity Max,275,275,275,0,275,275,275,275,1,,Surface,1,,Image 1,,9,
ABp,Intensity Max,255,255,255,0,255,255,255,255,1,,Surface,1,,Image 1,,10,
ABp,Intensity Max,323,323,323,0,323,323,323,323,1,,Surface,1,,Image 1,,11,
ABp,Intensity Max,372,372,372,0,372,372,372,372,1,,Surface,1,,Image 1,,12,
ABp,Intensity Max,378,378,378,0,378,378,378,378,1,,Surface,1,,Image 1,,13,
ABp,Intensity Max,321,321,321,0,321,321,321,321,1,,Surface,1,,Image 1,,14,
EMS,Intensity Max,265,265,265,0,265,265,265,265,1,,Surface,1,,Image 1,,7,
EMS,Intensity Max,293,293,293,0,293,293,293,293,1,,Surface,1,,Image 1,,8,
EMS,Intensity Max,292,292,292,0,292,292,292,292,1,,Surface,1,,Image 1,,9,
EMS,Intensity Max,339,339,339,0,339,339,339,339,1,,Surface,1,,Image 1,,10,
EMS,Intensity Max,1037,1037,1037,0,1037,1037,1037,1037,1,,Surface,1,,Image 1,,11,
EMS,Intensity Max,1861,1861,1861,0,1861,1861,1861,1861,1,,Surface,1,,Image 1,,12,
EMS,Intensity Max,1563,1563,1563,0,1563,1563,1563,1563,1,,Surface,1,,Image 1,,13,
EMS,Intensity Max,1447,1447,1447,0,1447,1447,1447,1447,1,,Surface,1,,Image 1,,14,
EMS,Intensity Max,522,522,522,0,522,522,522,522,1,,Surface,1,,Image 1,,15,
EMS,Intensity Max,294,294,294,0,294,294,294,294,1,,Surface,1,,Image 1,,16,
EMS,Intensity Max,287,287,287,0,287,287,287,287,1,,Surface,1,,Image 1,,17,
EMS,Intensity Max,244,244,244,0,244,244,244,244,1,,Surface,1,,Image 1,,18,
P2,Intensity Max,252,252,252,0,252,252,252,252,1,,Surface,1,,Image 1,,7,
P2,Intensity Max,242,242,242,0,242,242,242,242,1,,Surface,1,,Image 1,,8,
P2,Intensity Max,279,279,279,0,279,279,279,279,1,,Surface,1,,Image 1,,9,
P2,Intensity Max,270,270,270,0,270,270,270,270,1,,Surface,1,,Image 1,,10,
P2,Intensity Max,289,289,289,0,289,289,289,289,1,,Surface,1,,Image 1,,11,
P2,Intensity Max,275,275,275,0,275,275,275,275,1,,Surface,1,,Image 1,,12,
P2,Intensity Max,343,343,343,0,343,343,343,343,1,,Surface,1,,Image 1,,13,
P2,Intensity Max,372,372,372,0,372,372,372,372,1,,Surface,1,,Image 1,,14,
P2,Intensity Max,248,248,248,0,248,248,248,248,1,,Surface,1,,Image 1,,15,
P2,Intensity Max,289,289,289,0,289,289,289,289,1,,Surface,1,,Image 1,,16,
P2,Intensity Max,283,283,283,0,283,283,283,283,1,,Surface,1,,Image 1,,17,
P2,Intensity Max,315,315,315,0,315,315,315,315,1,,Surface,1,,Image 1,,18,
P2,Intensity Max,329,329,329,0,329,329,329,329,1,,Surface,1,,Image 1,,19,
P2,Intensity Max,292,292,292,0,292,292,292,292,1,,Surface,1,,Image 1,,20,
P2,Intensity Max,284,284,284,0,284,284,284,284,1,,Surface,1,,Image 1,,21,
P2,Intensity Max,255,255,255,0,255,255,255,255,1,,Surface,1,,Image 1,,22,
ABal,Intensity Max,281,281,281,0,281,281,281,281,1,,Surface,1,,Image 1,,18,
ABal,Intensity Max,300,300,300,0,300,300,300,300,1,,Surface,1,,Image 1,,19,
ABal,Intensity Max,311,311,311,0,311,311,311,311,1,,Surface,1,,Image 1,,20,
ABal,Intensity Max,604,604,604,0,604,604,604,604,1,,Surface,1,,Image 1,,21,
ABal,Intensity Max,3396,3396,3396,0,3396,3396,3396,3396,1,,Surface,1,,Image 1,,22,
ABal,Intensity Max,3371,3371,3371,0,3371,3371,3371,3371,1,,Surface,1,,Image 1,,23,
ABal,Intensity Max,3121,3121,3121,0,3121,3121,3121,3121,1,,Surface,1,,Image 1,,24,
ABal,Intensity Max,4986,4986,4986,0,4986,4986,4986,4986,1,,Surface,1,,Image 1,,25,
ABal,Intensity Max,3319,3319,3319,0,3319,3319,3319,3319,1,,Surface,1,,Image 1,,26,
ABal,Intensity Max,2899,2899,2899,0,2899,2899,2899,2899,1,,Surface,1,,Image 1,,27,
ABal,Intensity Max,1224,1224,1224,0,1224,1224,1224,1224,1,,Surface,1,,Image 1,,28,
ABal,Intensity Max,421,421,421,0,421,421,421,421,1,,Surface,1,,Image 1,,29,
ABal,Intensity Max,327,327,327,0,327,327,327,327,1,,Surface,1,,Image 1,,30,
ABal,Intensity Max,306,306,306,0,306,306,306,306,1,,Surface,1,,Image 1,,31,
ABpl,Intensity Max,356,356,356,0,356,356,356,356,1,,Surface,1,,Image 1,,18,
ABpl,Intensity Max,667,667,667,0,667,667,667,667,1,,Surface,1,,Image 1,,19,
ABpl,Intensity Max,436,436,436,0,436,436,436,436,1,,Surface,1,,Image 1,,20,
ABpl,Intensity Max,541,541,541,0,541,541,541,541,1,,Surface,1,,Image 1,,21,
ABpl,Intensity Max,1226,1226,1226,0,1226,1226,1226,1226,1,,Surface,1,,Image 1,,22,
ABpl,Intensity Max,4372,4372,4372,0,4372,4372,4372,4372,1,,Surface,1,,Image 1,,23,
ABpl,Intensity Max,5167,5167,5167,0,5167,5167,5167,5167,1,,Surface,1,,Image 1,,24,
ABpl,Intensity Max,5210,5210,5210,0,5210,5210,5210,5210,1,,Surface,1,,Image 1,,25,
ABpl,Intensity Max,4926,4926,4926,0,4926,4926,4926,4926,1,,Surface,1,,Image 1,,26,
ABpl,Intensity Max,4179,4179,4179,0,4179,4179,4179,4179,1,,Surface,1,,Image 1,,27,
ABpl,Intensity Max,2192,2192,2192,0,2192,2192,2192,2192,1,,Surface,1,,Image 1,,28,
ABpl,Intensity Max,511,511,511,0,511,511,511,511,1,,Surface,1,,Image 1,,29,
ABpl,Intensity Max,359,359,359,0,359,359,359,359,1,,Surface,1,,Image 1,,30,
ABpl,Intensity Max,336,336,336,0,336,336,336,336,1,,Surface,1,,Image 1,,31,
ABpl,Intensity Max,296,296,296,0,296,296,296,296,1,,Surface,1,,Image 1,,32,
ABar,Intensity Max,210,210,210,0,210,210,210,210,1,,Surface,1,,Image 1,,19,
ABar,Intensity Max,197,197,197,0,197,197,197,197,1,,Surface,1,,Image 1,,20,
ABar,Intensity Max,232,232,232,0,232,232,232,232,1,,Surface,1,,Image 1,,21,
ABar,Intensity Max,288,288,288,0,288,288,288,288,1,,Surface,1,,Image 1,,22,
ABar,Intensity Max,690,690,690,0,690,690,690,690,1,,Surface,1,,Image 1,,23,
ABar,Intensity Max,863,863,863,0,863,863,863,863,1,,Surface,1,,Image 1,,24,
ABar,Intensity Max,849,849,849,0,849,849,849,849,1,,Surface,1,,Image 1,,25,
ABar,Intensity Max,639,639,639,0,639,639,639,639,1,,Surface,1,,Image 1,,26,
ABar,Intensity Max,315,315,315,0,315,315,315,315,1,,Surface,1,,Image 1,,27,
ABpr,Intensity Max,199,199,199,0,199,199,199,199,1,,Surface,1,,Image 1,,19,
ABpr,Intensity Max,212,212,212,0,212,212,212,212,1,,Surface,1,,Image 1,,20,
ABpr,Intensity Max,201,201,201,0,201,201,201,201,1,,Surface,1,,Image 1,,21,
ABpr,Intensity Max,256,256,256,0,256,256,256,256,1,,Surface,1,,Image 1,,22,
ABpr,Intensity Max,254,254,254,0,254,254,254,254,1,,Surface,1,,Image 1,,23,
ABpr,Intensity Max,296,296,296,0,296,296,296,296,1,,Surface,1,,Image 1,,24,
ABpr,Intensity Max,320,320,320,0,320,320,320,320,1,,Surface,1,,Image 1,,25,
ABpr,Intensity Max,374,374,374,0,374,374,374,374,1,,Surface,1,,Image 1,,26,
ABpr,Intensity Max,287,287,287,0,287,287,287,287,1,,Surface,1,,Image 1,,27,
ABpr,Intensity Max,203,203,203,0,203,203,203,203,1,,Surface,1,,Image 1,,28,
MS,Intensity Max,969,969,969,0,969,969,969,969,1,,Surface,1,,Image 1,,22,
MS,Intensity Max,1081,1081,1081,0,1081,1081,1081,1081,1,,Surface,1,,Image 1,,23,
MS,Intensity Max,960,960,960,0,960,960,960,960,1,,Surface,1,,Image 1,,24,
MS,Intensity Max,1323,1323,1323,0,1323,1323,1323,1323,1,,Surface,1,,Image 1,,25,
MS,Intensity Max,1829,1829,1829,0,1829,1829,1829,1829,1,,Surface,1,,Image 1,,26,
MS,Intensity Max,2952,2952,2952,0,2952,2952,2952,2952,1,,Surface,1,,Image 1,,27,
MS,Intensity Max,4000,4000,4000,0,4000,4000,4000,4000,1,,Surface,1,,Image 1,,28,
MS,Intensity Max,3630,3630,3630,0,3630,3630,3630,3630,1,,Surface,1,,Image 1,,29,
MS,Intensity Max,4172,4172,4172,0,4172,4172,4172,4172,1,,Surface,1,,Image 1,,30,
MS,Intensity Max,3393,3393,3393,0,3393,3393,3393,3393,1,,Surface,1,,Image 1,,31,
MS,Intensity Max,2634,2634,2634,0,2634,2634,2634,2634,1,,Surface,1,,Image 1,,32,
MS,Intensity Max,3234,3234,3234,0,3234,3234,3234,3234,1,,Surface,1,,Image 1,,33,
MS,Intensity Max,1773,1773,1773,0,1773,1773,1773,1773,1,,Surface,1,,Image 1,,34,
MS,Intensity Max,488,488,488,0,488,488,488,488,1,,Surface,1,,Image 1,,35,
MS,Intensity Max,286,286,286,0,286,286,286,286,1,,Surface,1,,Image 1,,36,
MS,Intensity Max,265,265,265,0,265,265,265,265,1,,Surface,1,,Image 1,,37,
MS,Intensity Max,235,235,235,0,235,235,235,235,1,,Surface,1,,Image 1,,38,
E,Intensity Max,246,246,246,0,246,246,246,246,1,,Surface,1,,Image 1,,21,
E,Intensity Max,670,670,670,0,670,670,670,670,1,,Surface,1,,Image 1,,22,
E,Intensity Max,1111,1111,1111,0,1111,1111,1111,1111,1,,Surface,1,,Image 1,,23,
E,Intensity Max,708,708,708,0,708,708,708,708,1,,Surface,1,,Image 1,,24,
E,Intensity Max,2511,2511,2511,0,2511,2511,2511,2511,1,,Surface,1,,Image 1,,25,
E,Intensity Max,3375,3375,3375,0,3375,3375,3375,3375,1,,Surface,1,,Image 1,,26,
E,Intensity Max,3711,3711,3711,0,3711,3711,3711,3711,1,,Surface,1,,Image 1,,27,
E,Intensity Max,5103,5103,5103,0,5103,5103,5103,5103,1,,Surface,1,,Image 1,,28,
E,Intensity Max,6159,6159,6159,0,6159,6159,6159,6159,1,,Surface,1,,Image 1,,29,
E,Intensity Max,5327,5327,5327,0,5327,5327,5327,5327,1,,Surface,1,,Image 1,,30,
E,Intensity Max,5014,5014,5014,0,5014,5014,5014,5014,1,,Surface,1,,Image 1,,31,
E,Intensity Max,4446,4446,4446,0,4446,4446,4446,4446,1,,Surface,1,,Image 1,,32,
E,Intensity Max,5201,5201,5201,0,5201,5201,5201,5201,1,,Surface,1,,Image 1,,33,
E,Intensity Max,3399,3399,3399,0,3399,3399,3399,3399,1,,Surface,1,,Image 1,,34,
E,Intensity Max,3479,3479,3479,0,3479,3479,3479,3479,1,,Surface,1,,Image 1,,35,
E,Intensity Max,2066,2066,2066,0,2066,2066,2066,2066,1,,Surface,1,,Image 1,,36,
E,Intensity Max,774,774,774,0,774,774,774,774,1,,Surface,1,,Image 1,,37,
E,Intensity Max,415,415,415,0,415,415,415,415,1,,Surface,1,,Image 1,,38,
E,Intensity Max,438,438,438,0,438,438,438,438,1,,Surface,1,,Image 1,,39,
E,Intensity Max,373,373,373,0,373,373,373,373,1,,Surface,1,,Image 1,,40,
E,Intensity Max,264,264,264,0,264,264,264,264,1,,Surface,1,,Image 1,,41,
P3,Intensity Max,567,567,567,0,567,567,567,567,1,,Surface,1,,Image 1,,26,
P3,Intensity Max,1132,1132,1132,0,1132,1132,1132,1132,1,,Surface,1,,Image 1,,27,
P3,Intensity Max,683,683,683,0,683,683,683,683,1,,Surface,1,,Image 1,,28,
P3,Intensity Max,444,444,444,0,444,444,444,444,1,,Surface,1,,Image 1,,29,
P3,Intensity Max,292,292,292,0,292,292,292,292,1,,Surface,1,,Image 1,,30,
P3,Intensity Max,276,276,276,0,276,276,276,276,1,,Surface,1,,Image 1,,31,
P3,Intensity Max,277,277,277,0,277,277,277,277,1,,Surface,1,,Image 1,,32,
P3,Intensity Max,303,303,303,0,303,303,303,303,1,,Surface,1,,Image 1,,33,
P3,Intensity Max,282,282,282,0,282,282,282,282,1,,Surface,1,,Image 1,,34,
P3,Intensity Max,280,280,280,0,280,280,280,280,1,,Surface,1,,Image 1,,35,
P3,Intensity Max,270,270,270,0,270,270,270,270,1,,Surface,1,,Image 1,,36,
P3,Intensity Max,274,274,274,0,274,274,274,274,1,,Surface,1,,Image 1,,37,
P3,Intensity Max,254,254,254,0,254,254,254,254,1,,Surface,1,,Image 1,,38,
P3,Intensity Max,276,276,276,0,276,276,276,276,1,,Surface,1,,Image 1,,39,
P3,Intensity Max,257,257,257,0,257,257,257,257,1,,Surface,1,,Image 1,,40,
P3,Intensity Max,310,310,310,0,310,310,310,310,1,,Surface,1,,Image 1,,41,
P3,Intensity Max,304,304,304,0,304,304,304,304,1,,Surface,1,,Image 1,,42,
P3,Intensity Max,312,312,312,0,312,312,312,312,1,,Surface,1,,Image 1,,43,
P3,Intensity Max,275,275,275,0,275,275,275,275,1,,Surface,1,,Image 1,,44,
P3,Intensity Max,251,251,251,0,251,251,251,251,1,,Surface,1,,Image 1,,45,
P3,Intensity Max,248,248,248,0,248,248,248,248,1,,Surface,1,,Image 1,,46,
P3,Intensity Max,249,249,249,0,249,249,249,249,1,,Surface,1,,Image 1,,47,
P3,Intensity Max,243,243,243,0,243,243,243,243,1,,Surface,1,,Image 1,,48,
P3,Intensity Max,290,290,290,0,290,290,290,290,1,,Surface,1,,Image 1,,49,
P3,Intensity Max,233,233,233,0,233,233,233,233,1,,Surface,1,,Image 1,,50,
P3,Intensity Max,267,267,267,0,267,267,267,267,1,,Surface,1,,Image 1,,51,
P3,Intensity Max,276,276,276,0,276,276,276,276,1,,Surface,1,,Image 1,,52,
P3,Intensity Max,247,247,247,0,247,247,247,247,1,,Surface,1,,Image 1,,53,
P3,Intensity Max,315,315,315,0,315,315,315,315,1,,Surface,1,,Image 1,,54,
P3,Intensity Max,296,296,296,0,296,296,296,296,1,,Surface,1,,Image 1,,55,
P3,Intensity Max,272,272,272,0,272,272,272,272,1,,Surface,1,,Image 1,,56,
P3,Intensity Max,275,275,275,0,275,275,275,275,1,,Surface,1,,Image 1,,57,
P3,Intensity Max,263,263,263,0,263,263,263,263,1,,Surface,1,,Image 1,,58,
P3,Intensity Max,280,280,280,0,280,280,280,280,1,,Surface,1,,Image 1,,59,
P3,Intensity Max,249,249,249,0,249,249,249,249,1,,Surface,1,,Image 1,,60,
P3,Intensity Max,253,253,253,0,253,253,253,253,1,,Surface,1,,Image 1,,61,
P3,Intensity Max,254,254,254,0,254,254,254,254,1,,Surface,1,,Image 1,,62,
P3,Intensity Max,251,251,251,0,251,251,251,251,1,,Surface,1,,Image 1,,63,
P3,Intensity Max,240,240,240,0,240,240,240,240,1,,Surface,1,,Image 1,,64,
P3,Intensity Max,245,245,245,0,245,245,245,245,1,,Surface,1,,Image 1,,65,
P3,Intensity Max,292,292,292,0,292,292,292,292,1,,Surface,1,,Image 1,,66,
P3,Intensity Max,240,240,240,0,240,240,240,240,1,,Surface,1,,Image 1,,67,
P3,Intensity Max,231,231,231,0,231,231,231,231,1,,Surface,1,,Image 1,,68,
P3,Intensity Max,251,251,251,0,251,251,251,251,1,,Surface,1,,Image 1,,69,
P3,Intensity Max,241,241,241,0,241,241,241,241,1,,Surface,1,,Image 1,,70,
P3,Intensity Max,223,223,223,0,223,223,223,223,1,,Surface,1,,Image 1,,71,
P3,Intensity Max,222,222,222,0,222,222,222,222,1,,Surface,1,,Image 1,,72,
P3,Intensity Max,251,251,251,0,251,251,251,251,1,,Surface,1,,Image 1,,73,
P3,Intensity Max,238,238,238,0,238,238,238,238,1,,Surface,1,,Image 1,,74,
P3,Intensity Max,234,234,234,0,234,234,234,234,1,,Surface,1,,Image 1,,75,
P3,Intensity Max,260,260,260,0,260,260,260,260,1,,Surface,1,,Image 1,,76,
P3,Intensity Max,260,260,260,0,260,260,260,260,1,,Surface,1,,Image 1,,77,
P3,Intensity Max,237,237,237,0,237,237,237,237,1,,Surface,1,,Image 1,,78,
P3,Intensity Max,209,209,209,0,209,209,209,209,1,,Surface,1,,Image 1,,79,
P3,Intensity Max,234,234,234,0,234,234,234,234,1,,Surface,1,,Image 1,,80,
P3,Intensity Max,211,211,211,0,211,211,211,211,1,,Surface,1,,Image 1,,81,
P3,Intensity Max,224,224,224,0,224,224,224,224,1,,Surface,1,,Image 1,,82,
P3,Intensity Max,236,236,236,0,236,236,236,236,1,,Surface,1,,Image 1,,83,
P3,Intensity Max,231,231,231,0,231,231,231,231,1,,Surface,1,,Image 1,,84,
P3,Intensity Max,238,238,238,0,238,238,238,238,1,,Surface,1,,Image 1,,85,
P3,Intensity Max,228,228,228,0,228,228,228,228,1,,Surface,1,,Image 1,,86,
P3,Intensity Max,237,237,237,0,237,237,237,237,1,,Surface,1,,Image 1,,87,
P3,Intensity Max,220,220,220,0,220,220,220,220,1,,Surface,1,,Image 1,,88,
P3,Intensity Max,239,239,239,0,239,239,239,239,1,,Surface,1,,Image 1,,89,
P3,Intensity Max,222,222,222,0,222,222,222,222,1,,Surface,1,,Image 1,,90,
P3,Intensity Max,264,264,264,0,264,264,264,264,1,,Surface,1,,Image 1,,91,
P3,Intensity Max,227,227,227,0,227,227,227,227,1,,Surface,1,,Image 1,,92,
P3,Intensity Max,252,252,252,0,252,252,252,252,1,,Surface,1,,Image 1,,93,
P3,Intensity Max,263,263,263,0,263,263,263,263,1,,Surface,1,,Image 1,,94,
P3,Intensity Max,256,256,256,0,256,256,256,256,1,,Surface,1,,Image 1,,95,
P3,Intensity Max,255,255,255,0,255,255,255,255,1,,Surface,1,,Image 1,,96,
C,Intensity Max,420,420,420,0,420,420,420,420,1,,Surface,1,,Image 1,,26,
C,Intensity Max,1336,1336,1336,0,1336,1336,1336,1336,1,,Surface,1,,Image 1,,27,
C,Intensity Max,1559,1559,1559,0,1559,1559,1559,1559,1,,Surface,1,,Image 1,,28,
C,Intensity Max,876,876,876,0,876,876,876,876,1,,Surface,1,,Image 1,,29,
C,Intensity Max,1549,1549,1549,0,1549,1549,1549,1549,1,,Surface,1,,Image 1,,30,
C,Intensity Max,1269,1269,1269,0,1269,1269,1269,1269,1,,Surface,1,,Image 1,,31,
C,Intensity Max,1354,1354,1354,0,1354,1354,1354,1354,1,,Surface,1,,Image 1,,32,
C,Intensity Max,2083,2083,2083,0,2083,2083,2083,2083,1,,Surface,1,,Image 1,,33,
C,Intensity Max,1572,1572,1572,0,1572,1572,1572,1572,1,,Surface,1,,Image 1,,34,
C,Intensity Max,2074,2074,2074,0,2074,2074,2074,2074,1,,Surface,1,,Image 1,,35,
C,Intensity Max,2780,2780,2780,0,2780,2780,2780,2780,1,,Surface,1,,Image 1,,36,
C,Intensity Max,2360,2360,2360,0,2360,2360,2360,2360,1,,Surface,1,,Image 1,,37,
C,Intensity Max,2565,2565,2565,0,2565,2565,2565,2565,1,,Surface,1,,Image 1,,38,
C,Intensity Max,2858,2858,2858,0,2858,2858,2858,2858,1,,Surface,1,,Image 1,,39,
C,Intensity Max,3079,3079,3079,0,3079,3079,3079,3079,1,,Surface,1,,Image 1,,40,
C,Intensity Max,2507,2507,2507,0,2507,2507,2507,2507,1,,Surface,1,,Image 1,,41,
C,Intensity Max,1323,1323,1323,0,1323,1323,1323,1323,1,,Surface,1,,Image 1,,42,
C,Intensity Max,424,424,424,0,424,424,424,424,1,,Surface,1,,Image 1,,43,
C,Intensity Max,382,382,382,0,382,382,382,382,1,,Surface,1,,Image 1,,44,
C,Intensity Max,290,290,290,0,290,290,290,290,1,,Surface,1,,Image 1,,45,
C,Intensity Max,280,280,280,0,280,280,280,280,1,,Surface,1,,Image 1,,46,
C,Intensity Max,317,317,317,0,317,317,317,317,1,,Surface,1,,Image 1,,47,
C,Intensity Max,306,306,306,0,306,306,306,306,1,,Surface,1,,Image 1,,48,
C,Intensity Max,236,236,236,0,236,236,236,236,1,,Surface,1,,Image 1,,49,
